ID,Study_Hours,Academic_Stress_Score
1,0.5,2.816
2,0.5638,2.705
3,0.6275,2.987
4,0.6913,3.291
5,0.755,2.855
6,0.8188,2.907
7,0.8826,3.465
8,0.9463,3.284
9,1.0101,2.983
10,1.0738,3.309
11,1.1376,3.069
12,1.2013,3.107
13,1.2651,3.344
14,1.3289,2.777
15,1.3926,2.866
16,1.4564,3.227
17,1.5201,3.135
18,1.5839,3.54
19,1.6477,3.23
20,1.7114,3.122
21,1.7752,3.959
22,1.8389,3.517
23,1.9027,3.63
24,1.9664,3.242
25,2.0302,3.518
26,2.094,3.73
27,2.1577,3.405
28,2.2215,3.86
29,2.2852,3.613
30,2.349,3.725
31,2.4128,3.663
32,2.4765,4.374
33,2.5403,3.874
34,2.604,3.602
35,2.6678,4.149
36,2.7315,3.596
37,2.7953,4.014
38,2.8591,3.423
39,2.9228,3.616
40,2.9866,4.057
41,3.0503,4.222
42,3.1141,4.076
43,3.1779,4.007
44,3.2416,3.966
45,3.3054,3.647
46,3.3691,3.87
47,3.4329,3.953
48,3.4966,4.388
49,3.5604,4.198
50,3.6242,3.619
51,3.6879,4.215
52,3.7517,4.028
53,3.8154,3.96
54,3.8792,4.335
55,3.943,4.468
56,4.0067,4.457
57,4.0705,3.98
58,4.1342,4.148
59,4.198,4.35
60,4.2617,4.554
61,4.3255,4.172
62,4.3893,4.282
63,4.453,4.054
64,4.5168,4.06
65,4.5805,4.656
66,4.6443,4.843
67,4.7081,4.479
68,4.7718,4.818
69,4.8356,4.676
70,4.8993,4.434
71,4.9631,4.756
72,5.0268,5.126
73,5.0906,4.725
74,5.1544,5.214
75,5.2181,4.082
76,5.2819,5.085
77,5.3456,4.918
78,5.4094,4.847
79,5.4732,4.992
80,5.5369,4.443
81,5.6007,4.97
82,5.6644,5.161
83,5.7282,5.503
84,5.7919,4.968
85,5.8557,4.909
86,5.9195,5.015
87,5.9832,5.428
88,6.047,5.278
89,6.1107,5.049
90,6.1745,5.349
91,6.2383,5.238
92,6.302,5.485
93,6.3658,5.018
94,6.4295,5.122
95,6.4933,5.1
96,6.557,4.795
97,6.6208,5.281
98,6.6846,5.263
99,6.7483,5.181
100,6.8121,5.104
101,6.8758,4.763
102,6.9396,5.03
103,7.0034,5.041
104,7.0671,4.902
105,7.1309,5.071
106,7.1946,5.22
107,7.2584,5.627
108,7.3221,5.141
109,7.3859,5.158
110,7.4497,5.061
111,7.5134,4.542
112,7.5772,5.071
113,7.6409,5.096
114,7.7047,5.772
115,7.7685,5.033
116,7.8322,5.178
117,7.896,5.093
118,7.9597,4.785
119,8.0235,5.444
120,8.0872,5.348
121,8.151,5.374
122,8.2148,4.914
123,8.2785,5.579
124,8.3423,4.812
125,8.406,5.388
126,8.4698,5.857
127,8.5336,4.986
128,8.5973,5.126
129,8.6611,5.333
130,8.7248,5.185
131,8.7886,4.912
132,8.8523,5.386
133,8.9161,5.089
134,8.9799,5.538
135,9.0436,5.167
136,9.1074,5.877
137,9.1711,5.241
138,9.2349,5.388
139,9.2987,5.722
140,9.3624,5.165
141,9.4262,5.589
142,9.4899,5.906
143,9.5537,5.104
144,9.6174,5.62
145,9.6812,5.655
146,9.745,5.814
147,9.8087,5.262
148,9.8725,5.252
149,9.9362,5.781
150,10.0,5.732
