type,x,y
original_point,1.0,1.0
original_point,2.0,4.0
original_point,3.0,9.0
original_point,4.0,16.0
curve_point,0.7,0.4900000000000002
curve_point,0.7120401337792641,0.5070011521123914
curve_point,0.7240802675585284,0.5242922338676297
curve_point,0.7361204013377926,0.5418732452657125
curve_point,0.7481605351170568,0.559744186306641
curve_point,0.760200668896321,0.577905056990413
curve_point,0.7722408026755853,0.5963558573170327
curve_point,0.7842809364548494,0.6150965872864955
curve_point,0.7963210702341137,0.6341272468988037
curve_point,0.8083612040133779,0.653447836153958
curve_point,0.8204013377926421,0.6730583550519569
curve_point,0.8324414715719063,0.6929588035928014
curve_point,0.8444816053511706,0.7131491817764903
curve_point,0.8565217391304347,0.7336294896030245
curve_point,0.8685618729096989,0.7543997270724035
curve_point,0.8806020066889632,0.7754598941846288
curve_point,0.8926421404682274,0.796809990939699
curve_point,0.9046822742474916,0.8184500173376136
curve_point,0.9167224080267558,0.840379973378374
curve_point,0.92876254180602,0.8625998590619792
curve_point,0.9408026755852843,0.8851096743884299
curve_point,0.9528428093645485,0.9079094193577255
curve_point,0.9648829431438126,0.930999093969866
curve_point,0.9769230769230769,0.9543786982248519
curve_point,0.9889632107023411,0.9780482321226831
curve_point,1.0010033444816053,1.0020076956633595
curve_point,1.0130434782608695,1.0262570888468807
curve_point,1.0250836120401337,1.0507964116732473
curve_point,1.037123745819398,1.075625664142459
curve_point,1.0491638795986622,1.1007448462545162
curve_point,1.0612040133779264,1.1261539580094182
curve_point,1.0732441471571905,1.1518529994071653
curve_point,1.0852842809364547,1.1778419704477574
curve_point,1.097324414715719,1.2041208711311955
curve_point,1.1093645484949832,1.2306897014574782
curve_point,1.1214046822742474,1.2575484614266055
curve_point,1.1334448160535118,1.284697151038579
curve_point,1.145484949832776,1.3121357702933971
curve_point,1.15752508361204,1.3398643191910606
curve_point,1.1695652173913043,1.367882797731569
curve_point,1.1816053511705684,1.3961912059149224
curve_point,1.1936454849498328,1.4247895437411215
curve_point,1.205685618729097,1.4536778112101656
curve_point,1.2177257525083611,1.482856008322054
curve_point,1.2297658862876255,1.5123241350767889
curve_point,1.2418060200668894,1.5420821914743685
curve_point,1.2538461538461538,1.5721301775147927
curve_point,1.265886287625418,1.6024680931980626
curve_point,1.2779264214046822,1.6330959385241774
curve_point,1.2899665551839465,1.664013713493138
curve_point,1.3020066889632105,1.6952214181049423
curve_point,1.3140468227424749,1.726719052359594
curve_point,1.326086956521739,1.7585066162570882
curve_point,1.3381270903010032,1.7905841097974293
curve_point,1.3501672240802676,1.8229515329806152
curve_point,1.3622073578595317,1.8556088858066466
curve_point,1.374247491638796,1.8885561682755219
curve_point,1.3862876254180603,1.9217933803872442
curve_point,1.3983277591973242,1.9553205221418097
curve_point,1.4103678929765886,1.9891375935392221
curve_point,1.4224080267558528,2.02324459457948
curve_point,1.434448160535117,2.057641525262581
curve_point,1.4464882943143813,2.0923283855885284
curve_point,1.4585284280936455,2.1273051755573213
curve_point,1.4705685618729096,2.1625718951689574
curve_point,1.4826086956521738,2.19812854442344
curve_point,1.494648829431438,2.233975123320768
curve_point,1.5066889632107023,2.2701116318609404
curve_point,1.5187290969899665,2.306538070043959
curve_point,1.5307692307692307,2.3432544378698226
curve_point,1.542809364548495,2.380260735338531
curve_point,1.554849498327759,2.417556962450084
curve_point,1.5668896321070234,2.4551431192044832
curve_point,1.5789297658862875,2.4930192056017266
curve_point,1.5909698996655517,2.5311852216418163
curve_point,1.603010033444816,2.5696411673247503
curve_point,1.6150501672240802,2.60838704265053
curve_point,1.6270903010033444,2.647422847619154
curve_point,1.6391304347826088,2.6867485822306243
curve_point,1.6511705685618727,2.7263642464849385
curve_point,1.663210702341137,2.766269840382099
curve_point,1.6752508361204013,2.8064653639221033
curve_point,1.6872909698996654,2.846950817104953
curve_point,1.6993311036789298,2.8877261999306496
curve_point,1.711371237458194,2.9287915123991897
curve_point,1.7234113712374581,2.9701467545105755
curve_point,1.7354515050167223,3.0117919262648063
curve_point,1.7474916387959865,3.053727027661882
curve_point,1.7595317725752508,3.095952058701805
curve_point,1.771571906354515,3.1384670193845707
curve_point,1.7836120401337792,3.1812719097101825
curve_point,1.7956521739130433,3.224366729678638
curve_point,1.8076923076923077,3.2677514792899416
curve_point,1.8197324414715719,3.311426158544088
curve_point,1.831772575250836,3.35539076744108
curve_point,1.8438127090301002,3.399645305980917
curve_point,1.8558528428093644,3.4441897741636
curve_point,1.8678929765886287,3.4890241719891275
curve_point,1.879933110367893,3.5341484994575008
curve_point,1.891973244147157,3.579562756568718
curve_point,1.9040133779264212,3.6252669433227807
curve_point,1.9160535117056856,3.67126105971969
curve_point,1.9280936454849498,3.7175451057594437
curve_point,1.940133779264214,3.764119081442041
curve_point,1.952173913043478,3.8109829867674847
curve_point,1.9642140468227425,3.858136821735775
curve_point,1.9762541806020066,3.905580586346908
curve_point,1.9882943143812708,3.9533142806008863
curve_point,2.000334448160535,4.001337904497712
curve_point,2.0123745819397993,4.049651458037382
curve_point,2.0244147157190637,4.098254941219897
curve_point,2.0364548494983277,4.147148354045257
curve_point,2.0484949832775916,4.19633169651346
curve_point,2.060535117056856,4.245804968624511
curve_point,2.0725752508361204,4.295568170378407
curve_point,2.0846153846153843,4.345621301775147
curve_point,2.0966555183946487,4.395964362814734
curve_point,2.108695652173913,4.446597353497165
curve_point,2.120735785953177,4.49752027382244
curve_point,2.1327759197324414,4.548733123790561
curve_point,2.144816053511706,4.600235903401528
curve_point,2.1568561872909697,4.6520286126553385
curve_point,2.168896321070234,4.704111251551996
curve_point,2.1809364548494985,4.756483820091498
curve_point,2.1929765886287624,4.809146318273845
curve_point,2.2050167224080264,4.862098746099035
curve_point,2.217056856187291,4.915341103567075
curve_point,2.229096989966555,4.968873390677956
curve_point,2.241137123745819,5.022695607431683
curve_point,2.2531772575250835,5.076807753828256
curve_point,2.265217391304348,5.131209829867675
curve_point,2.277257525083612,5.185901835549937
curve_point,2.289297658862876,5.240883770875046
curve_point,2.3013377926421406,5.296155635843
curve_point,2.3133779264214045,5.351717430453798
curve_point,2.325418060200669,5.407569154707441
curve_point,2.3374581939799333,5.463710808603931
curve_point,2.349498327759197,5.520142392143264
curve_point,2.361538461538461,5.576863905325442
curve_point,2.373578595317726,5.633875348150469
curve_point,2.38561872909699,5.691176720618337
curve_point,2.397658862876254,5.748768022729051
curve_point,2.4096989966555182,5.806649254482611
curve_point,2.4217391304347826,5.864820415879017
curve_point,2.4337792642140466,5.923281506918266
curve_point,2.445819397993311,5.982032527600362
curve_point,2.4578595317725753,6.041073477925304
curve_point,2.4698996655518393,6.100404357893088
curve_point,2.4819397993311036,6.160025167503719
curve_point,2.493979933110368,6.219935906757195
curve_point,2.506020066889632,6.280136575653516
curve_point,2.518060200668896,6.340627174192679
curve_point,2.5301003344481607,6.401407702374696
curve_point,2.5421404682274247,6.46247816019955
curve_point,2.5541806020066886,6.52383854766725
curve_point,2.566220735785953,6.5854888647777985
curve_point,2.5782608695652174,6.64742911153119
curve_point,2.5903010033444813,6.709659287927427
curve_point,2.6023411371237457,6.772179393966509
curve_point,2.61438127090301,6.834989429648438
curve_point,2.626421404682274,6.8980893949732085
curve_point,2.6384615384615384,6.961479289940828
curve_point,2.650501672240803,7.0251591145512915
curve_point,2.6625418060200667,7.089128868804598
curve_point,2.6745819397993307,7.153388552700752
curve_point,2.6866220735785955,7.21793816623975
curve_point,2.6986622073578594,7.282777709421595
curve_point,2.7107023411371234,7.3479071822462805
curve_point,2.722742474916388,7.413326584713818
curve_point,2.734782608695652,7.479035916824197
curve_point,2.746822742474916,7.545035178577421
curve_point,2.758862876254181,7.611324369973492
curve_point,2.770903010033445,7.6779034910124055
curve_point,2.782943143812709,7.7447725416941635
curve_point,2.7949832775919727,7.811931522018766
curve_point,2.8070234113712376,7.879380431986219
curve_point,2.8190635451505015,7.947119271596513
curve_point,2.8311036789297654,8.015148040849652
curve_point,2.8431438127090303,8.083466739745642
curve_point,2.855183946488294,8.152075368284471
curve_point,2.867224080267558,8.220973926466145
curve_point,2.879264214046823,8.29016241429067
curve_point,2.891304347826087,8.359640831758034
curve_point,2.903344481605351,8.429409178868244
curve_point,2.9153846153846157,8.499467455621303
curve_point,2.9274247491638796,8.569815662017204
curve_point,2.9394648829431436,8.64045379805595
curve_point,2.9515050167224075,8.71138186373754
curve_point,2.9635451505016723,8.78259985906198
curve_point,2.9755852842809363,8.854107784029262
curve_point,2.9876254180602,8.925905638639385
curve_point,2.999665551839465,8.997993422892362
curve_point,3.011705685618729,9.070371136788177
curve_point,3.023745819397993,9.14303878032684
curve_point,3.0357859531772577,9.215996353508354
curve_point,3.0478260869565217,9.289243856332703
curve_point,3.0598662207357856,9.362781288799898
curve_point,3.0719063545150505,9.436608650909948
curve_point,3.0839464882943144,9.510725942662834
curve_point,3.0959866220735783,9.585133164058563
curve_point,3.1080267558528423,9.659830315097143
curve_point,3.120066889632107,9.734817395778572
curve_point,3.132107023411371,9.81009440610284
curve_point,3.144147157190635,9.885661346069952
curve_point,3.1561872909699,9.961518215679915
curve_point,3.1682274247491637,10.03766501493272
curve_point,3.1802675585284277,10.114101743828368
curve_point,3.1923076923076925,10.190828402366868
curve_point,3.2043478260869565,10.267844990548204
curve_point,3.2163879598662204,10.345151508372387
curve_point,3.228428093645485,10.422747955839425
curve_point,3.240468227424749,10.500634332949296
curve_point,3.252508361204013,10.578810639702015
curve_point,3.264548494983277,10.65727687609758
curve_point,3.276588628762542,10.736033042135995
curve_point,3.288628762541806,10.81507913781725
curve_point,3.3006688963210697,10.89441516314135
curve_point,3.3127090301003346,10.9740411181083
curve_point,3.3247491638795985,11.05395700271809
curve_point,3.3367892976588625,11.134162816970724
curve_point,3.3488294314381273,11.21465856086621
curve_point,3.360869565217391,11.295444234404536
curve_point,3.372909698996655,11.376519837585706
curve_point,3.38494983277592,11.457885370409729
curve_point,3.396989966555184,11.53954083287659
curve_point,3.409030100334448,11.621486224986297
curve_point,3.421070234113712,11.703721546738848
curve_point,3.4331103678929766,11.78624679813425
curve_point,3.4451505016722406,11.869061979172491
curve_point,3.4571906354515045,11.952167089853578
curve_point,3.4692307692307693,12.035562130177516
curve_point,3.4812709030100333,12.119247100144293
curve_point,3.493311036789297,12.203221999753916
curve_point,3.505351170568562,12.287486829006388
curve_point,3.517391304347826,12.3720415879017
curve_point,3.52943143812709,12.456886276439857
curve_point,3.5414715719063548,12.542020894620869
curve_point,3.5535117056856187,12.627445442444715
curve_point,3.5655518394648826,12.713159919911408
curve_point,3.5775919732441475,12.799164327020954
curve_point,3.5896321070234114,12.885458663773335
curve_point,3.6016722408026753,12.972042930168566
curve_point,3.6137123745819393,13.058917126206637
curve_point,3.625752508361204,13.146081251887564
curve_point,3.637792642140468,13.233535307211326
curve_point,3.649832775919732,13.321279292177937
curve_point,3.661872909698997,13.409313206787397
curve_point,3.6739130434782608,13.497637051039698
curve_point,3.6859531772575247,13.58625082493484
curve_point,3.6979933110367895,13.675154528472838
curve_point,3.7100334448160535,13.764348161653674
curve_point,3.7220735785953174,13.853831724477352
curve_point,3.7341137123745822,13.943605216943885
curve_point,3.746153846153846,14.033668639053255
curve_point,3.75819397993311,14.124021990805467
curve_point,3.770234113712374,14.21466527220053
curve_point,3.782274247491639,14.305598483238441
curve_point,3.794314381270903,14.396821623919195
curve_point,3.8063545150501668,14.488334694242791
curve_point,3.8183946488294316,14.580137694209238
curve_point,3.8304347826086955,14.672230623818525
curve_point,3.8424749163879595,14.764613483070656
curve_point,3.8545150501672243,14.857286271965641
curve_point,3.8665551839464882,14.95024899050346
curve_point,3.878595317725752,15.04350163868413
curve_point,3.890635451505017,15.137044216507649
curve_point,3.902675585284281,15.230876723974005
curve_point,3.914715719063545,15.324999161083207
curve_point,3.926755852842809,15.419411527835255
curve_point,3.9387959866220736,15.514113824230154
curve_point,3.9508361204013376,15.609106050267894
curve_point,3.9628762541806015,15.704388205948478
curve_point,3.9749163879598663,15.799960291271914
curve_point,3.9869565217391303,15.895822306238182
curve_point,3.9989966555183942,15.991974250847303
curve_point,4.011036789297659,16.088416125099275
curve_point,4.023076923076923,16.185147928994084
curve_point,4.035117056856187,16.282169662531736
curve_point,4.047157190635452,16.37948132571224
curve_point,4.059197324414716,16.477082918535586
curve_point,4.07123745819398,16.574974441001775
curve_point,4.083277591973244,16.67315589311081
curve_point,4.095317725752508,16.7716272748627
curve_point,4.107357859531772,16.870388586257423
curve_point,4.119397993311036,16.96943982729499
curve_point,4.131438127090301,17.068780997975416
curve_point,4.143478260869565,17.168412098298674
curve_point,4.155518394648829,17.268333128264782
curve_point,4.167558528428094,17.368544087873737
curve_point,4.179598662207358,17.469044977125535
curve_point,4.191638795986622,17.569835796020172
curve_point,4.2036789297658865,17.67091654455767
curve_point,4.2157190635451505,17.772287222738
curve_point,4.227759197324414,17.873947830561175
curve_point,4.239799331103678,17.9758983680272
curve_point,4.251839464882943,18.078138835136073
curve_point,4.263879598662207,18.180669231887784
curve_point,4.275919732441471,18.283489558282348
curve_point,4.287959866220736,18.386599814319755
curve_point,4.3,18.490000000000002
