x,newton,lagrange,abs_diff
-1.0,0.36787944117144233,0.36787944117144233,0.0
-0.9922779922779923,0.37073120555951233,0.37073120555950734,4.9960036108132044e-15
-0.9845559845559846,0.3736050765379892,0.3736050765379704,1.8762769116165146e-14
-0.9768339768339769,0.3765012254749359,0.3765012254749312,4.718447854656915e-15
-0.9691119691119691,0.37941982506684346,0.37941982506684874,5.2735593669694936e-15
-0.9613899613899614,0.3823610493489289,0.38236104934894544,1.6542323066914832e-14
-0.9536679536679536,0.38532507370551233,0.3853250737055065,5.828670879282072e-15
-0.9459459459459459,0.3883120748804754,0.38831207488047276,2.6645352591003757e-15
-0.9382239382239382,0.39132223098780106,0.3913222309877972,3.83026943495679e-15
-0.9305019305019305,0.3943557215221936,0.39435572152219317,4.440892098500626e-16
-0.9227799227799228,0.3974127273697822,0.39741272736978206,1.6653345369377348e-16
-0.915057915057915,0.4004934308189071,0.4004934308189078,7.216449660063518e-16
-0.9073359073359073,0.4035980155709894,0.40359801557099045,1.0547118733938987e-15
-0.8996138996138996,0.4067266667514851,0.4067266667514884,3.2751579226442118e-15
-0.8918918918918919,0.4098795709209242,0.4098795709209312,6.994405055138486e-15
-0.8841698841698842,0.41305691608603495,0.413056916086046,1.1046719095020308e-14
-0.8764478764478765,0.4162588917109551,0.4162588917109571,1.9984014443252818e-15
-0.8687258687258688,0.4194856887285292,0.4194856887285345,5.2735593669694936e-15
-0.8610038610038611,0.42273749955169404,0.42273749955170353,9.492406860545088e-15
-0.8532818532818532,0.42601451808495194,0.4260145180849568,4.829470157119431e-15
-0.8455598455598455,0.42931693973593316,0.4293169397359332,5.551115123125783e-17
-0.8378378378378378,0.43264496142704917,0.43264496142705733,8.1601392309949e-15
-0.8301158301158301,0.4359987816072334,0.4359987816072407,7.327471962526033e-15
-0.8223938223938224,0.43937860026377534,0.43937860026377046,4.884981308350689e-15
-0.8146718146718146,0.4427846189342462,0.44278461893425153,5.329070518200751e-15
-0.8069498069498069,0.4462170407185161,0.4462170407185221,5.995204332975845e-15
-0.7992277992277992,0.44967607029086476,0.44967607029086865,3.885780586188048e-15
-0.7915057915057915,0.45316191391218624,0.4531619139121904,4.163336342344337e-15
-0.7837837837837838,0.45667477944228846,0.45667477944229184,3.3861802251067274e-15
-0.7760617760617761,0.46021487635228786,0.46021487635228764,2.220446049250313e-16
-0.7683397683397684,0.4637824157370994,0.4637824157371014,1.9984014443252818e-15
-0.7606177606177607,0.46737761032802466,0.467377610328025,3.3306690738754696e-16
-0.752895752895753,0.4710006745054372,0.4710006745054371,1.1102230246251565e-16
-0.7451737451737452,0.4746518243115651,0.474651824311565,1.1102230246251565e-16
-0.7374517374517374,0.4783312774633749,0.4783312774633745,3.885780586188048e-16
-0.7297297297297297,0.4820392533655522,0.48203925336555153,6.661338147750939e-16
-0.722007722007722,0.48577597312358606,0.48577597312358584,2.220446049250313e-16
-0.7142857142857143,0.4895416595569531,0.4895416595569532,1.1102230246251565e-16
-0.7065637065637065,0.49333653721240406,0.4933365372124028,1.27675647831893e-15
-0.6988416988416988,0.49716083237735326,0.4971608323773537,4.440892098500626e-16
-0.6911196911196911,0.5010147730933722,0.5010147730933726,4.440892098500626e-16
-0.6833976833976834,0.5048985891697889,0.5048985891697875,1.4432899320127035e-15
-0.6756756756756757,0.5088125121973883,0.5088125121973875,7.771561172376096e-16
-0.667953667953668,0.5127567755622247,0.5127567755622248,1.1102230246251565e-16
-0.6602316602316602,0.5167316144595375,0.5167316144595373,2.220446049250313e-16
-0.6525096525096525,0.5207372659077762,0.5207372659077759,3.3306690738754696e-16
-0.6447876447876448,0.5247739687627335,0.524773968762734,4.440892098500626e-16
-0.6370656370656371,0.5288419637317875,0.5288419637317869,5.551115123125783e-16
-0.6293436293436293,0.532941493388256,0.532941493388256,0.0
-0.6216216216216216,0.5370728021858608,0.5370728021858608,0.0
-0.6138996138996139,0.5412361364733046,0.5412361364733047,1.1102230246251565e-16
-0.6061776061776062,0.5454317445089597,0.5454317445089596,1.1102230246251565e-16
-0.5984555984555984,0.549659876475673,0.5496598764756734,3.3306690738754696e-16
-0.5907335907335907,0.5539207844956837,0.5539207844956838,1.1102230246251565e-16
-0.583011583011583,0.5582147226456561,0.5582147226456562,1.1102230246251565e-16
-0.5752895752895753,0.5625419469718329,0.5625419469718334,4.440892098500626e-16
-0.5675675675675675,0.5669027155053001,0.5669027155053001,0.0
-0.5598455598455598,0.5712972882773751,0.5712972882773755,3.3306690738754696e-16
-0.5521235521235521,0.5757259273351124,0.5757259273351127,3.3306690738754696e-16
-0.5444015444015444,0.5801888967569286,0.5801888967569288,1.1102230246251565e-16
-0.5366795366795367,0.5846864626683491,0.5846864626683494,3.3306690738754696e-16
-0.528957528957529,0.5892188932578782,0.5892188932578781,1.1102230246251565e-16
-0.5212355212355213,0.59378645879299,0.59378645879299,0.0
-0.5135135135135135,0.5983894316362456,0.5983894316362459,3.3306690738754696e-16
-0.5057915057915058,0.603028086261532,0.6030280862615323,2.220446049250313e-16
-0.4980694980694981,0.6077026992704314,0.6077026992704319,4.440892098500626e-16
-0.49034749034749037,0.6124135494087134,0.6124135494087135,1.1102230246251565e-16
-0.48262548262548266,0.6171609175829561,0.6171609175829558,3.3306690738754696e-16
-0.47490347490347484,0.621945086877297,0.6219450868772969,1.1102230246251565e-16
-0.46718146718146714,0.6267663425703144,0.6267663425703143,1.1102230246251565e-16
-0.45945945945945943,0.6316249721520366,0.6316249721520363,3.3306690738754696e-16
-0.4517374517374517,0.6365212653410856,0.6365212653410857,1.1102230246251565e-16
-0.444015444015444,0.6414555141019539,0.6414555141019537,2.220446049250313e-16
-0.4362934362934363,0.6464280126624119,0.6464280126624119,0.0
-0.4285714285714286,0.6514390575310556,0.6514390575310551,4.440892098500626e-16
-0.4208494208494208,0.6564889475149847,0.6564889475149844,2.220446049250313e-16
-0.4131274131274131,0.6615779837376213,0.6615779837376213,0.0
-0.4054054054054054,0.6667064696566671,0.6667064696566669,2.220446049250313e-16
-0.39768339768339767,0.6718747110821965,0.6718747110821962,3.3306690738754696e-16
-0.38996138996138996,0.6770830161948929,0.6770830161948926,2.220446049250313e-16
-0.38223938223938225,0.6823316955644255,0.6823316955644254,1.1102230246251565e-16
-0.37451737451737455,0.687621062167968,0.6876210621679681,1.1102230246251565e-16
-0.36679536679536673,0.6929514314088624,0.6929514314088621,3.3306690738754696e-16
-0.359073359073359,0.6983231211354245,0.698323121135424,4.440892098500626e-16
-0.3513513513513513,0.7037364516598987,0.7037364516598986,1.1102230246251565e-16
-0.3436293436293436,0.7091917457775585,0.7091917457775584,1.1102230246251565e-16
-0.3359073359073359,0.7146893287859528,0.7146893287859527,1.1102230246251565e-16
-0.3281853281853282,0.7202295285043048,0.7202295285043049,1.1102230246251565e-16
-0.3204633204633205,0.725812675293059,0.7258126752930595,4.440892098500626e-16
-0.31274131274131267,0.7314391020735819,0.7314391020735821,2.220446049250313e-16
-0.30501930501930496,0.7371091443480108,0.737109144348011,2.220446049250313e-16
-0.29729729729729726,0.7428231402192642,0.7428231402192642,0.0
-0.28957528957528955,0.7485814304111982,0.7485814304111983,1.1102230246251565e-16
-0.28185328185328185,0.7543843582889272,0.7543843582889275,2.220446049250313e-16
-0.27413127413127414,0.760232269879298,0.7602322698792979,1.1102230246251565e-16
-0.26640926640926643,0.7661255138915211,0.7661255138915211,0.0
-0.2586872586872586,0.772064441737966,0.7720644417379661,1.1102230246251565e-16
-0.2509652509652509,0.7780494075551168,0.7780494075551169,1.1102230246251565e-16
-0.2432432432432432,0.7840807682246868,0.7840807682246869,1.1102230246251565e-16
-0.2355212355212355,0.7901588833949003,0.7901588833949005,2.220446049250313e-16
-0.2277992277992278,0.796284115501939,0.796284115501939,0.0
-0.22007722007722008,0.8024568297915533,0.8024568297915536,3.3306690738754696e-16
-0.21235521235521237,0.8086773943408425,0.8086773943408423,2.220446049250313e-16
-0.20463320463320467,0.8149461800802004,0.8149461800802005,1.1102230246251565e-16
-0.19691119691119685,0.8212635608154384,0.8212635608154379,4.440892098500626e-16
-0.18918918918918914,0.8276299132500707,0.8276299132500708,1.1102230246251565e-16
-0.18146718146718144,0.8340456170077813,0.8340456170077818,4.440892098500626e-16
-0.17374517374517373,0.8405110546550576,0.8405110546550576,0.0
-0.16602316602316602,0.8470266117240041,0.8470266117240038,2.220446049250313e-16
-0.15830115830115832,0.8535926767353307,0.8535926767353306,1.1102230246251565e-16
-0.1505791505791506,0.860209641221522,0.8602096412215219,1.1102230246251565e-16
-0.1428571428571428,0.8668778997501818,0.8668778997501819,1.1102230246251565e-16
-0.1351351351351351,0.8735978499475631,0.873597849947563,1.1102230246251565e-16
-0.12741312741312738,0.8803698925222775,0.8803698925222775,0.0
-0.11969111969111967,0.8871944312891888,0.8871944312891885,3.3306690738754696e-16
-0.11196911196911197,0.8940718731934931,0.8940718731934931,0.0
-0.10424710424710426,0.9010026283349857,0.9010026283349853,3.3306690738754696e-16
-0.09652509652509655,0.9079871099925132,0.907987109992513,2.220446049250313e-16
-0.08880308880308874,0.9150257346486178,0.9150257346486177,1.1102230246251565e-16
-0.08108108108108103,0.9221189220143737,0.9221189220143737,0.0
-0.07335907335907332,0.9292670950544124,0.9292670950544124,0.0
-0.06563706563706562,0.9364706800121448,0.9364706800121447,1.1102230246251565e-16
-0.05791505791505791,0.9437301064351774,0.9437301064351771,3.3306690738754696e-16
-0.050193050193050204,0.9510458072009269,0.951045807200927,1.1102230246251565e-16
-0.0424710424710425,0.9584182185424324,0.958418218542432,3.3306690738754696e-16
-0.03474903474903468,0.9658477800743669,0.9658477800743671,2.220446049250313e-16
-0.027027027027026973,0.973334934819253,0.9733349348192526,4.440892098500626e-16
-0.019305019305019266,0.9808801292338776,0.9808801292338777,1.1102230246251565e-16
-0.01158301158301156,0.9884838132359177,0.9884838132359179,2.220446049250313e-16
-0.0038610038610038533,0.9961464402307659,0.9961464402307658,1.1102230246251565e-16
0.0038610038610038533,1.003868467138568,1.0038684671385674,6.661338147750939e-16
0.01158301158301156,1.0116503544214674,1.0116503544214674,0.0
0.019305019305019266,1.0194925661110659,1.019492566111066,2.220446049250313e-16
0.027027027027026973,1.0273955698360908,1.0273955698360904,4.440892098500626e-16
0.03474903474903468,1.0353598368502783,1.0353598368502779,4.440892098500626e-16
0.042471042471042386,1.0433858420604787,1.043385842060479,2.220446049250313e-16
0.050193050193050315,1.0514740640549725,1.051474064054972,4.440892098500626e-16
0.05791505791505802,1.0596249851320045,1.0596249851320048,2.220446049250313e-16
0.06563706563706573,1.0678390913285523,1.0678390913285523,0.0
0.07335907335907343,1.0761168724492995,1.076116872449299,4.440892098500626e-16
0.08108108108108114,1.084458822095847,1.084458822095847,0.0
0.08880308880308885,1.0928654376961469,1.092865437696147,2.220446049250313e-16
0.09652509652509655,1.1013372205341614,1.1013372205341612,2.220446049250313e-16
0.10424710424710426,1.1098746757797557,1.1098746757797557,0.0
0.11196911196911197,1.1184783125188213,1.1184783125188213,0.0
0.11969111969111967,1.1271486437836322,1.1271486437836322,0.0
0.12741312741312738,1.135886186583437,1.135886186583437,0.0
0.1351351351351351,1.1446914619352875,1.1446914619352875,0.0
0.1428571428571428,1.1535649948951074,1.1535649948951077,2.220446049250313e-16
0.1505791505791505,1.162507314589002,1.1625073145890017,2.220446049250313e-16
0.15830115830115843,1.1715189542448072,1.171518954244807,2.220446049250313e-16
0.16602316602316614,1.1806004512238881,1.1806004512238881,0.0
0.17374517374517384,1.189752347053182,1.189752347053182,0.0
0.18146718146718155,1.1989751874574874,1.1989751874574872,2.220446049250313e-16
0.18918918918918926,1.208269522392006,1.2082695223920055,4.440892098500626e-16
0.19691119691119696,1.2176359060751376,1.2176359060751378,2.220446049250313e-16
0.20463320463320467,1.2270748970215288,1.2270748970215288,0.0
0.21235521235521237,1.2365870580753724,1.2365870580753726,2.220446049250313e-16
0.22007722007722008,1.2461729564439752,1.246172956443975,2.220446049250313e-16
0.2277992277992278,1.2558331637315767,1.255833163731576,6.661338147750939e-16
0.2355212355212355,1.2655682559734347,1.2655682559734343,4.440892098500626e-16
0.2432432432432432,1.275378813670175,1.2753788136701745,4.440892098500626e-16
0.2509652509652509,1.2852654218224058,1.2852654218224056,2.220446049250313e-16
0.2586872586872586,1.2952286699656008,1.2952286699656004,4.440892098500626e-16
0.26640926640926654,1.305269152205254,1.3052691522052537,2.220446049250313e-16
0.27413127413127425,1.3153874672523043,1.3153874672523043,0.0
0.28185328185328196,1.325584218458838,1.325584218458838,0.0
0.28957528957528966,1.3358600138540664,1.335860013854067,6.661338147750939e-16
0.29729729729729737,1.3462154661805819,1.3462154661805816,2.220446049250313e-16
0.3050193050193051,1.3566511929308942,1.3566511929308946,4.440892098500626e-16
0.3127413127413128,1.3671678163842562,1.3671678163842562,0.0
0.3204633204633205,1.3777659636437638,1.3777659636437638,0.0
0.3281853281853282,1.3884462666737534,1.3884462666737536,2.220446049250313e-16
0.3359073359073359,1.3992093623374875,1.3992093623374875,0.0
0.3436293436293436,1.4100558924351259,1.4100558924351256,2.220446049250313e-16
0.3513513513513513,1.4209865037419986,1.420986503741999,4.440892098500626e-16
0.359073359073359,1.4320018480471768,1.4320018480471768,0.0
0.36679536679536673,1.4431025821923293,1.4431025821923293,0.0
0.37451737451737466,1.4542893681109,1.4542893681109,0.0
0.38223938223938236,1.4655628728675707,1.4655628728675707,0.0
0.38996138996139007,1.476923768698044,1.476923768698044,0.0
0.3976833976833978,1.4883727330491248,1.4883727330491248,0.0
0.4054054054054055,1.4999104486191184,1.4999104486191184,0.0
0.4131274131274132,1.5115376033985366,1.5115376033985364,2.220446049250313e-16
0.4208494208494209,1.5232548907111267,1.5232548907111263,4.440892098500626e-16
0.4285714285714286,1.5350630092552098,1.53506300925521,2.220446049250313e-16
0.4362934362934363,1.5469626631453488,1.5469626631453486,2.220446049250313e-16
0.444015444015444,1.5589545619543288,1.5589545619543286,2.220446049250313e-16
0.4517374517374517,1.5710394207554736,1.5710394207554728,8.881784197001252e-16
0.45945945945945943,1.583217960165282,1.583217960165282,0.0
0.46718146718146714,1.595490906386401,1.5954909063864007,2.220446049250313e-16
0.47490347490347484,1.6078589912509258,1.6078589912509258,0.0
0.48262548262548277,1.6203229522640417,1.6203229522640417,0.0
0.4903474903474905,1.6328835326479998,1.6328835326479996,2.220446049250313e-16
0.4980694980694982,1.6455414813864333,1.645541481386433,2.220446049250313e-16
0.5057915057915059,1.6582975532690232,1.658297553269023,2.220446049250313e-16
0.5135135135135136,1.6711525089365038,1.6711525089365036,2.220446049250313e-16
0.5212355212355213,1.684107114926019,1.6841071149260196,6.661338147750939e-16
0.528957528957529,1.6971621437168327,1.6971621437168325,2.220446049250313e-16
0.5366795366795367,1.7103183737763892,1.7103183737763885,6.661338147750939e-16
0.5444015444015444,1.7235765896067332,1.7235765896067332,0.0
0.5521235521235521,1.7369375817912927,1.7369375817912927,0.0
0.5598455598455598,1.750402147042018,1.7504021470420172,6.661338147750939e-16
0.5675675675675675,1.7639710882468884,1.7639710882468882,2.220446049250313e-16
0.5752895752895753,1.7776452145177917,1.7776452145177923,6.661338147750939e-16
0.583011583011583,1.7914253412387697,1.79142534123877,2.220446049250313e-16
0.5907335907335907,1.8053122901146388,1.8053122901146392,4.440892098500626e-16
0.5984555984555986,1.8193068892199893,1.8193068892199888,4.440892098500626e-16
0.6061776061776063,1.8334099730485585,1.833409973048559,4.440892098500626e-16
0.613899613899614,1.8476223825630005,1.8476223825629998,6.661338147750939e-16
0.6216216216216217,1.8619449652450233,1.861944965245023,2.220446049250313e-16
0.6293436293436294,1.8763785751459299,1.8763785751459305,6.661338147750939e-16
0.6370656370656371,1.8909240729375432,1.890924072937543,2.220446049250313e-16
0.6447876447876448,1.905582325963525,1.9055823259635247,2.220446049250313e-16
0.6525096525096525,1.9203542082911,1.9203542082911,0.0
0.6602316602316602,1.9352406007631737,1.9352406007631737,0.0
0.667953667953668,1.9502423910508564,1.9502423910508557,6.661338147750939e-16
0.6756756756756757,1.965360473706396,1.9653604737063954,6.661338147750939e-16
0.6833976833976834,1.980595750216519,1.9805957502165188,2.220446049250313e-16
0.6911196911196911,1.9959491290561875,1.9959491290561866,8.881784197001252e-16
0.6988416988416988,2.0114215257427674,2.011421525742767,4.440892098500626e-16
0.7065637065637067,2.027013862890626,2.027013862890626,0.0
0.7142857142857144,2.0427270702661424,2.042727070266142,4.440892098500626e-16
0.7220077220077221,2.0585620848431514,2.0585620848431505,8.881784197001252e-16
0.7297297297297298,2.074519850858816,2.0745198508588154,4.440892098500626e-16
0.7374517374517375,2.090601319869928,2.090601319869928,0.0
0.7451737451737452,2.106807450809652,2.106807450809653,8.881784197001252e-16
0.752895752895753,2.123139210044712,2.1231392100447106,1.3322676295501878e-15
0.7606177606177607,2.139597571432999,2.1395975714329993,4.440892098500626e-16
0.7683397683397684,2.156183516381661,2.15618351638166,8.881784197001252e-16
0.7760617760617761,2.1728980339056108,2.172898033905611,4.440892098500626e-16
0.7837837837837838,2.189742120686507,2.189742120686508,1.3322676295501878e-15
0.7915057915057915,2.2067167811321857,2.2067167811321853,4.440892098500626e-16
0.7992277992277992,2.223823027436548,2.223823027436547,8.881784197001252e-16
0.8069498069498069,2.2410618796399193,2.2410618796399193,0.0
0.8146718146718148,2.2584343656898827,2.2584343656898827,0.0
0.8223938223938225,2.2759415215025562,2.2759415215025567,4.440892098500626e-16
0.8301158301158302,2.2935843910243863,2.2935843910243863,0.0
0.8378378378378379,2.311364026294379,2.3113640262943798,8.881784197001252e-16
0.8455598455598456,2.329281487506844,2.3292814875068446,4.440892098500626e-16
0.8532818532818534,2.3473378430746106,2.3473378430746097,8.881784197001252e-16
0.8610038610038611,2.3655341696927374,2.365534169692737,4.440892098500626e-16
0.8687258687258688,2.3838715524027125,2.383871552402715,2.6645352591003757e-15
0.8764478764478765,2.4023510846571594,2.4023510846571607,1.3322676295501878e-15
0.8841698841698842,2.4209738683850346,2.420973868385037,2.220446049250313e-15
0.8918918918918919,2.4397410140573332,2.439741014057337,3.552713678800501e-15
0.8996138996138996,2.4586536407533184,2.458653640753319,4.440892098500626e-16
0.9073359073359073,2.477712876227235,2.4777128762272365,1.3322676295501878e-15
0.915057915057915,2.496919856975568,2.4969198569755684,4.440892098500626e-16
0.9227799227799229,2.5162757283048114,2.516275728304812,4.440892098500626e-16
0.9305019305019306,2.535781644399755,2.5357816443997545,4.440892098500626e-16
0.9382239382239383,2.5554387683923165,2.555438768392316,4.440892098500626e-16
0.945945945945946,2.575248272430893,2.5752482724308905,2.6645352591003757e-15
0.9536679536679538,2.5952113377502584,2.5952113377502593,8.881784197001252e-16
0.9613899613899615,2.6153291547420023,2.615329154742001,1.3322676295501878e-15
0.9691119691119692,2.635602923025507,2.6356029230255063,8.881784197001252e-16
0.9768339768339769,2.6560338515194823,2.6560338515194823,0.0
0.9845559845559846,2.6766231585140585,2.676623158514056,2.6645352591003757e-15
0.9922779922779923,2.697372071743425,2.6973720717434246,4.440892098500626e-16
1.0,2.7182818284590455,2.718281828459045,4.440892098500626e-16
