function_name,x,h,D_h,R_h,exact,error_D,error_R
f(x) = e^x,1.0,0.1,2.7228145639474177,2.718281261981766,2.718281828459045,0.00453273548837263,5.664772793068096e-07
f(x) = e^x,1.0,0.01,2.718327133382714,2.718281828402354,2.718281828459045,4.530492366905392e-05,5.6691096261829443e-11
f(x) = e^x,1.0,0.001,2.718282281505724,2.7182818284586427,2.718281828459045,4.53046678838831e-07,4.0234482412415673e-13
f(x) = e^x,1.0,0.0001,2.718281832989611,2.718281828459901,2.718281828459045,4.53056570037802e-09,8.557599073810707e-13
f(x) = e^x,1.0,1e-05,2.718281828517632,2.718281828517632,2.718281828459045,5.858691309867936e-11,5.858691309867936e-11
f(x) = e^x,1.0,1e-06,2.718281828295588,2.7182818285916475,2.718281828459045,1.634572477371421e-10,1.326023735259696e-10
f(x) = e^x,1.0,1e-07,2.7182818285176324,2.7182818255570376,2.718281828459045,5.858735718788921e-11,2.902007523175598e-09
f(x) = e^x,1.0,1e-08,2.7182818218562943,2.7182818218562943,2.718281828459045,6.60275079056305e-09,6.60275079056305e-09
f(x) = e^x,1.0,1e-09,2.7182818218562943,2.7182821179157677,2.718281828459045,6.60275079056305e-09,2.8945672259084176e-07
f(x) = e^x,1.0,1e-10,2.7182811557224795,2.718284116317212,2.718281828459045,6.72736565565657e-07,2.2878581669161235e-06
f(x) = e^x,1.0,1e-11,2.7182922579527258,2.7182626520054023,2.718281828459045,1.0429493680685908e-05,1.917645364279963e-05
f(x) = e^x,1.0,1e-12,2.7184920980971583,2.718196038623925,2.718281828459045,0.00021026963811321409,8.578983512030902e-05
f(x) = sin(x),1.0,0.1,0.53940225216976,0.5403021933386563,0.5403023058681398,0.0009000536983797547,1.1252948350914949e-07
f(x) = sin(x),1.0,0.01,0.5402933008747335,0.5403023058568638,0.5403023058681398,9.004993406280803e-06,1.1275980149605402e-11
f(x) = sin(x),1.0,0.001,0.5403022158176896,0.5403023058681752,0.5403023058681398,9.005045020771263e-08,3.5416114485542494e-14
f(x) = sin(x),1.0,0.0001,0.5403023049677103,0.5403023058692114,0.5403023058681398,9.004295087322589e-10,1.071587263368201e-12
f(x) = sin(x),1.0,1e-05,0.5403023058569989,0.5403023058792034,0.5403023058681398,1.1140866007508521e-11,1.106359448499461e-11
f(x) = sin(x),1.0,1e-06,0.5403023058958567,0.5403023058958567,0.5403023058681398,2.7716939854371958e-11,2.7716939854371958e-11
f(x) = sin(x),1.0,1e-07,0.5403023056738121,0.5403023049336634,0.5403023058681398,1.9432766507065935e-10,9.344763851615312e-10
f(x) = sin(x),1.0,1e-08,0.5403023084493697,0.5403023010478828,0.5403023058681398,2.581229896492232e-09,4.820256971349579e-09
f(x) = sin(x),1.0,1e-09,0.5403023028982545,0.5403022288833862,0.5403023058681398,2.9698852266335507e-09,7.698475357198475e-08
f(x) = sin(x),1.0,1e-10,0.5403022473871033,0.5403037276844694,0.5403023058681398,5.848103645789138e-08,1.4218163296719766e-06
f(x) = sin(x),1.0,1e-11,0.5403011371640787,0.5403011371640787,0.5403023058681398,1.168704061083048e-06,1.168704061083048e-06
f(x) = sin(x),1.0,1e-12,0.5402900349338324,0.5405120795387575,0.5403023058681398,1.2270934307334613e-05,0.0002097736706176967
f(x) = cos(x),1.0,0.1,-0.8400692342254353,-0.84147080955361,-0.8414709848078965,0.0014017505824611698,1.7525428652742647e-07
f(x) = cos(x),1.0,0.01,-0.8414569603616029,-0.8414709847903546,-0.8414709848078965,1.4024446293614545e-05,1.754185685598486e-11
f(x) = cos(x),1.0,0.001,-0.8414708445627084,-0.8414709848077832,-0.8414709848078965,1.4024518812938425e-07,1.1335377081422848e-13
f(x) = cos(x),1.0,0.0001,-0.841470983405368,-0.8414709848094301,-0.8414709848078965,1.4025285377528007e-09,1.5335510639147287e-12
f(x) = cos(x),1.0,1e-05,-0.8414709847970324,-0.8414709848044338,-0.8414709848078965,1.086408740746947e-11,3.4626745915034007e-12
f(x) = cos(x),1.0,1e-06,-0.8414709847803792,-0.8414709849284089,-0.8414709848078965,2.7517321754544355e-11,1.2051237785470903e-10
f(x) = cos(x),1.0,1e-07,-0.8414709851134461,-0.8414709836331488,-0.8414709848078965,3.055495856330026e-10,1.1747477435264386e-09
f(x) = cos(x),1.0,1e-08,-0.841470981782777,-0.8414709669798034,-0.8414709848078965,3.025119488242467e-09,1.7828093112903787e-08
f(x) = cos(x),1.0,1e-09,-0.8414710039872375,-0.8414710039872375,-0.8414709848078965,1.9179341004260664e-08,1.9179341004260664e-08
f(x) = cos(x),1.0,1e-10,-0.8414707819426326,-0.8414700417939495,-0.8414709848078965,2.0286526392077064e-07,9.430139470412158e-07
f(x) = cos(x),1.0,1e-11,-0.8414713370541449,-0.8414713370541449,-0.8414709848078965,3.522462483918076e-07,3.522462483918076e-07
f(x) = cos(x),1.0,1e-12,-0.8414935415146374,-0.8415675563829458,-0.8414709848078965,2.255670674089494e-05,9.657157504927572e-05
f(x) = x^3 - 2x + 1,1.0,0.1,1.010000000000001,1.000000000000002,1.0,0.010000000000000897,1.9984014443252818e-15
f(x) = x^3 - 2x + 1,1.0,0.01,1.0001000000000038,0.999999999999975,1.0,0.00010000000000376374,2.4980018054066022e-14
f(x) = x^3 - 2x + 1,1.0,0.001,1.0000009999999726,0.9999999999995938,1.0,9.99999972606247e-07,4.062306047103448e-13
f(x) = x^3 - 2x + 1,1.0,0.0001,1.0000000099996686,1.00000000000026,1.0,9.999668648674742e-09,2.6001423236721166e-13
f(x) = x^3 - 2x + 1,1.0,1e-05,1.000000000095369,1.000000000036157,1.0,9.536904599372065e-11,3.615707733217732e-11
f(x) = x^3 - 2x + 1,1.0,1e-06,0.9999999999177334,1.0000000002137928,1.0,8.22666379463044e-11,2.1379276127220237e-10
f(x) = x^3 - 2x + 1,1.0,1e-07,1.0000000005838672,1.0000000005838672,1.0,5.838671768287895e-10,5.838671768287895e-10
f(x) = x^3 - 2x + 1,1.0,1e-08,0.999999993922529,0.999999993922529,1.0,6.07747097092215e-09,6.07747097092215e-09
f(x) = x^3 - 2x + 1,1.0,1e-09,1.000000082740371,1.000000082740371,1.0,8.274037099909037e-08,8.274037099909037e-08
f(x) = x^3 - 2x + 1,1.0,1e-10,1.000000082740371,1.000000082740371,1.0,8.274037099909037e-08,8.274037099909037e-08
f(x) = x^3 - 2x + 1,1.0,1e-11,1.000000082740371,1.000000082740371,1.0,8.274037099909037e-08,8.274037099909037e-08
f(x) = x^3 - 2x + 1,1.0,1e-12,1.000088900582341,1.000088900582341,1.0,8.890058234101161e-05,8.890058234101161e-05
