function,method,h,approx_derivative,exact_derivative,abs_error
f(x)=e^x,Forward Difference,0.1,2.858841954873883,2.718281828459045,0.14056012641483795
f(x)=e^x,Backward Difference,0.1,2.5867871730209524,2.718281828459045,0.1314946554380927
f(x)=e^x,Central Difference,0.1,2.7228145639474177,2.718281828459045,0.00453273548837263
f(x)=e^x,Forward Difference,0.01,2.7319186557871245,2.718281828459045,0.01363682732807936
f(x)=e^x,Backward Difference,0.01,2.704735610978304,2.718281828459045,0.013546217480741252
f(x)=e^x,Central Difference,0.01,2.718327133382714,2.718281828459045,4.530492366905392e-05
f(x)=e^x,Forward Difference,0.001,2.7196414225332255,2.718281828459045,0.0013595940741804036
f(x)=e^x,Backward Difference,0.001,2.7169231404782224,2.718281828459045,0.001358687980822726
f(x)=e^x,Central Difference,0.001,2.718282281505724,2.718281828459045,4.53046678838831e-07
f(x)=e^x,Forward Difference,0.0001,2.718417747082924,2.718281828459045,0.00013591862387896114
f(x)=e^x,Backward Difference,0.0001,2.7181459188962975,2.718281828459045,0.00013590956274756039
f(x)=e^x,Central Difference,0.0001,2.718281832989611,2.718281828459045,4.53056570037802e-09
f(x)=e^x,Forward Difference,1e-05,2.7182954199567173,2.718281828459045,1.3591497672216235e-05
f(x)=e^x,Backward Difference,1e-05,2.7182682370785467,2.718281828459045,1.3591380498390038e-05
f(x)=e^x,Central Difference,1e-05,2.718281828517632,2.718281828459045,5.858691309867936e-11
f(x)=e^x,Forward Difference,1e-06,2.7182831874306146,2.718281828459045,1.3589715694983795e-06
f(x)=e^x,Backward Difference,1e-06,2.718280469160561,2.718281828459045,1.3592984839938538e-06
f(x)=e^x,Central Difference,1e-06,2.718281828295588,2.718281828459045,1.634572477371421e-10
f(x)=e^x,Forward Difference,1e-07,2.7182819684057336,2.718281828459045,1.3994668845995761e-07
f(x)=e^x,Backward Difference,1e-07,2.7182816886295313,2.718281828459045,1.3982951374558183e-07
f(x)=e^x,Central Difference,1e-07,2.7182818285176324,2.718281828459045,5.858735718788921e-11
f(x)=e^x,Forward Difference,1e-08,2.7182818218562943,2.718281828459045,6.60275079056305e-09
f(x)=e^x,Backward Difference,1e-08,2.7182818218562943,2.718281828459045,6.60275079056305e-09
f(x)=e^x,Central Difference,1e-08,2.7182818218562943,2.718281828459045,6.60275079056305e-09
f(x)=e^x,Forward Difference,1e-09,2.7182820439008992,2.718281828459045,2.1544185413446826e-07
f(x)=e^x,Backward Difference,1e-09,2.7182815998116894,2.718281828459045,2.2864735571559436e-07
f(x)=e^x,Central Difference,1e-09,2.7182818218562943,2.718281828459045,6.60275079056305e-09
f(x)=sin(x),Forward Difference,0.1,0.4973637525353891,0.5403023058681398,0.04293855333275065
f(x)=sin(x),Backward Difference,0.1,0.5814407518041309,0.5403023058681398,0.04113844593599114
f(x)=sin(x),Central Difference,0.1,0.53940225216976,0.5403023058681398,0.0009000536983797547
f(x)=sin(x),Forward Difference,0.01,0.536085981011869,0.5403023058681398,0.00421632485627077
f(x)=sin(x),Backward Difference,0.01,0.544500620737598,0.5403023058681398,0.004198314869458208
f(x)=sin(x),Central Difference,0.01,0.5402933008747335,0.5403023058681398,9.004993406280803e-06
f(x)=sin(x),Forward Difference,0.001,0.5398814803603269,0.5403023058681398,0.0004208255078128609
f(x)=sin(x),Backward Difference,0.001,0.5407229512750522,0.5403023058681398,0.00042064540691244545
f(x)=sin(x),Central Difference,0.001,0.5403022158176896,0.5403023058681398,9.005045020771263e-08
f(x)=sin(x),Forward Difference,0.0001,0.5402602314186211,0.5403023058681398,4.207444951864758e-05
f(x)=sin(x),Backward Difference,0.0001,0.5403443785167994,0.5403023058681398,4.207264865963012e-05
f(x)=sin(x),Central Difference,0.0001,0.5403023049677103,0.5403023058681398,9.004295087322589e-10
f(x)=sin(x),Forward Difference,1e-05,0.5402980985058647,0.5403023058681398,4.207362275021609e-06
f(x)=sin(x),Backward Difference,1e-05,0.540306513208133,0.5403023058681398,4.207339993289594e-06
f(x)=sin(x),Central Difference,1e-05,0.5403023058569989,0.5403023058681398,1.1140866007508521e-11
f(x)=sin(x),Forward Difference,1e-06,0.5403018851213304,0.5403023058681398,4.2074680939307996e-07
f(x)=sin(x),Backward Difference,1e-06,0.540302726670383,0.5403023058681398,4.208022432727887e-07
f(x)=sin(x),Central Difference,1e-06,0.5403023058958567,0.5403023058681398,2.7716939854371958e-11
f(x)=sin(x),Forward Difference,1e-07,0.5403022640404487,0.5403023058681398,4.182769108851403e-08
f(x)=sin(x),Backward Difference,1e-07,0.5403023473071755,0.5403023058681398,4.143903575837271e-08
f(x)=sin(x),Central Difference,1e-07,0.5403023056738121,0.5403023058681398,1.9432766507065935e-10
f(x)=sin(x),Forward Difference,1e-08,0.5403023028982545,0.5403023058681398,2.9698852266335507e-09
f(x)=sin(x),Backward Difference,1e-08,0.5403023140004848,0.5403023058681398,8.132345019618015e-09
f(x)=sin(x),Central Difference,1e-08,0.5403023084493697,0.5403023058681398,2.581229896492232e-09
f(x)=sin(x),Forward Difference,1e-09,0.5403023584094058,0.5403023058681398,5.2541266004624276e-08
f(x)=sin(x),Backward Difference,1e-09,0.5403022473871033,0.5403023058681398,5.848103645789138e-08
f(x)=sin(x),Central Difference,1e-09,0.5403023028982545,0.5403023058681398,2.9698852266335507e-09
f(x)=cos(x),Forward Difference,0.1,-0.8670618444256245,-0.8414709848078965,0.025590859617728
f(x)=cos(x),Backward Difference,0.1,-0.8130766240252463,-0.8414709848078965,0.02839436078265023
f(x)=cos(x),Central Difference,0.1,-0.8400692342254353,-0.8414709848078965,0.0014017505824611698
f(x)=cos(x),Forward Difference,0.01,-0.8441584493784293,-0.8414709848078965,0.002687464570532816
f(x)=cos(x),Backward Difference,0.01,-0.8387554713447765,-0.8414709848078965,0.002715513463120045
f(x)=cos(x),Central Difference,0.01,-0.8414569603616029,-0.8414709848078965,1.4024446293614545e-05
f(x)=cos(x),Forward Difference,0.001,-0.8417409956931188,-0.8414709848078965,0.00027001088522227157
f(x)=cos(x),Backward Difference,0.001,-0.841200693432298,-0.8414709848078965,0.00027029137559853034
f(x)=cos(x),Central Difference,0.001,-0.8414708445627084,-0.8414709848078965,1.4024518812938425e-07
f(x)=cos(x),Forward Difference,0.0001,-0.8414979985216231,-0.8414709848078965,2.7013713726598e-05
f(x)=cos(x),Backward Difference,0.0001,-0.8414439682891128,-0.8414709848078965,2.7016518783673504e-05
f(x)=cos(x),Central Difference,0.0001,-0.841470983405368,-0.8414709848078965,1.4025285377528007e-09
f(x)=cos(x),Forward Difference,1e-05,-0.8414736863193716,-0.8414709848078965,2.7015114750783553e-06
f(x)=cos(x),Backward Difference,1e-05,-0.8414682832746933,-0.8414709848078965,2.7015332032531703e-06
f(x)=cos(x),Central Difference,1e-05,-0.8414709847970324,-0.8414709848078965,1.086408740746947e-11
f(x)=cos(x),Forward Difference,1e-06,-0.8414712548976411,-0.8414709848078965,2.7008974456954604e-07
f(x)=cos(x),Backward Difference,1e-06,-0.8414707146631173,-0.8414709848078965,2.7014477921305513e-07
f(x)=cos(x),Central Difference,1e-06,-0.8414709847803792,-0.8414709848078965,2.7517321754544355e-11
f(x)=cos(x),Forward Difference,1e-07,-0.8414710128690217,-0.8414709848078965,2.8061125201261916e-08
f(x)=cos(x),Backward Difference,1e-07,-0.8414709573578705,-0.8414709848078965,2.745002602999591e-08
f(x)=cos(x),Central Difference,1e-07,-0.8414709851134461,-0.8414709848078965,3.055495856330026e-10
f(x)=cos(x),Forward Difference,1e-08,-0.841470981782777,-0.8414709848078965,3.025119488242467e-09
f(x)=cos(x),Backward Difference,1e-08,-0.841470981782777,-0.8414709848078965,3.025119488242467e-09
f(x)=cos(x),Central Difference,1e-08,-0.841470981782777,-0.8414709848078965,3.025119488242467e-09
f(x)=cos(x),Forward Difference,1e-09,-0.84147111500954,-0.8414709848078965,1.3020164346677632e-07
f(x)=cos(x),Backward Difference,1e-09,-0.841470892964935,-0.8414709848078965,9.184296145825499e-08
f(x)=cos(x),Central Difference,1e-09,-0.8414710039872375,-0.8414709848078965,1.9179341004260664e-08
f(x)=x^3-2x+1,Forward Difference,0.1,1.3100000000000023,1.0,0.3100000000000023
f(x)=x^3-2x+1,Backward Difference,0.1,0.7099999999999995,1.0,0.2900000000000005
f(x)=x^3-2x+1,Central Difference,0.1,1.010000000000001,1.0,0.010000000000000897
f(x)=x^3-2x+1,Forward Difference,0.01,1.0301000000000116,1.0,0.030100000000011562
f(x)=x^3-2x+1,Backward Difference,0.01,0.970099999999996,1.0,0.029900000000004034
f(x)=x^3-2x+1,Central Difference,0.01,1.0001000000000038,1.0,0.00010000000000376374
f(x)=x^3-2x+1,Forward Difference,0.001,1.0030009999999479,1.0,0.003000999999947851
f(x)=x^3-2x+1,Backward Difference,0.001,0.9970009999999974,1.0,0.0029990000000026384
f(x)=x^3-2x+1,Central Difference,0.001,1.0000009999999726,1.0,9.99999972606247e-07
f(x)=x^3-2x+1,Forward Difference,0.0001,1.0003000099989556,1.0,0.0003000099989556304
f(x)=x^3-2x+1,Backward Difference,0.0001,0.9997000100003817,1.0,0.00029998999961833306
f(x)=x^3-2x+1,Central Difference,0.0001,1.0000000099996686,1.0,9.999668648674742e-09
f(x)=x^3-2x+1,Forward Difference,1e-05,1.0000300000978513,1.0,3.0000097851257124e-05
f(x)=x^3-2x+1,Backward Difference,1e-05,0.9999700000928867,1.0,2.999990711327616e-05
f(x)=x^3-2x+1,Central Difference,1e-05,1.000000000095369,1.0,9.536904599372065e-11
f(x)=x^3-2x+1,Forward Difference,1e-06,1.0000029999623905,1.0,2.9999623905041517e-06
f(x)=x^3-2x+1,Backward Difference,1e-06,0.9999969998730762,1.0,3.0001269237800443e-06
f(x)=x^3-2x+1,Central Difference,1e-06,0.9999999999177334,1.0,8.22666379463044e-11
f(x)=x^3-2x+1,Forward Difference,1e-07,1.0000003003440838,1.0,3.0034408382562106e-07
f(x)=x^3-2x+1,Backward Difference,1e-07,0.9999997008236505,1.0,2.991763494719635e-07
f(x)=x^3-2x+1,Central Difference,1e-07,1.0000000005838672,1.0,5.838671768287895e-10
f(x)=x^3-2x+1,Forward Difference,1e-08,1.0000000161269895,1.0,1.612698952158098e-08
f(x)=x^3-2x+1,Backward Difference,1e-08,0.9999999717180685,1.0,2.828193146342528e-08
f(x)=x^3-2x+1,Central Difference,1e-08,0.999999993922529,1.0,6.07747097092215e-09
f(x)=x^3-2x+1,Forward Difference,1e-09,1.000000082740371,1.0,8.274037099909037e-08
f(x)=x^3-2x+1,Backward Difference,1e-09,1.000000082740371,1.0,8.274037099909037e-08
f(x)=x^3-2x+1,Central Difference,1e-09,1.000000082740371,1.0,8.274037099909037e-08
